Employee_Last_Name,Employee_First_Name,EmpStatusID,DeptID,PerfScoreID,Salary,Termd,PositionID,Position,State,Zip,DOB,Age,Gender,MaritalDesc,CitizenDesc,HispanicLatino,RaceDesc,DateofHire,DateofTermination,TermReason,EmploymentStatus,Department,ManagerName,ManagerID,RecruitmentSource,PerformanceScore,EngagementSurvey,EmpSatisfaction,SpecialProjectsCount,LastPerformanceReview_Date,DaysLateLast30,Absences
Adinolfi,Wilson K,1,5,4,62506,0,19,Production Technician I,MA,1960,7/10/1983,39,M,Single,US Citizen,No,White,7/5/2011,0,N/A-StillEmployed,Active,Production,Michael Albert,22,LinkedIn,Exceeds,4.6,5,0,1/17/2019,0,1
Ait Sidi,Karthikeyan,5,3,3,104437,1,27,Sr. DBA,MA,2148,5/5/1975,48,M,Married,US Citizen,No,White,3/30/2015,6/16/2016,career change,Voluntarily Terminated,IT/IS,Simon Roup,4,Indeed,Fully Meets,4.96,3,6,2/24/2016,0,17
Akinkuolie,Sarah,5,5,3,64955,1,20,Production Technician II,MA,1810,9/19/1988,34,F,Married,US Citizen,No,White,7/5/2011,9/24/2012,hours,Voluntarily Terminated,Production,Kissy Sullivan,20,LinkedIn,Fully Meets,3.02,3,0,5/15/2012,0,3
Alagbe,Trina,1,5,3,64991,0,19,Production Technician I,MA,1886,9/27/1988,34,F,Married,US Citizen,No,White,1/7/2008,0,N/A-StillEmployed,Active,Production,Elijiah Gray,16,Indeed,Fully Meets,4.84,5,0,1/3/2019,0,15
Anderson,Carol,5,5,3,50825,1,19,Production Technician I,MA,2169,9/8/1989,33,F,Divorced,US Citizen,No,White,7/11/2011,9/6/2016,return to school,Voluntarily Terminated,Production,Webster Butler,39,Google Search,Fully Meets,5,4,0,2/1/2016,0,2
Anderson,Linda,1,5,4,57568,0,19,Production Technician I,MA,1844,5/22/1977,45,F,Single,US Citizen,No,White,1/9/2012,0,N/A-StillEmployed,Active,Production,Amy Dunn,11,LinkedIn,Exceeds,5,5,0,1/7/2019,0,15
Andreola,Colby,1,4,3,95660,0,24,Software Engineer,MA,2110,5/24/1979,43,F,Single,US Citizen,No,White,11/10/2014,0,N/A-StillEmployed,Active,Software Engineering,Alex Sweetwater,10,LinkedIn,Fully Meets,3.04,3,4,1/2/2019,0,19
Athwal,Sam,1,5,3,59365,0,19,Production Technician I,MA,2199,2/18/1983,40,M,Widowed,US Citizen,No,White,9/30/2013,0,N/A-StillEmployed,Active,Production,Ketsia Liebig,19,Employee Referral,Fully Meets,5,4,0,2/25/2019,0,19
Bachiochi,Linda,3,5,3,47837,0,19,Production Technician I,MA,1902,2/11/1970,53,F,Single,US Citizen,No,Black or African American,7/6/2009,0,N/A-StillEmployed,Active,Production,Brannon Miller,12,Diversity Job Fair,Fully Meets,4.46,3,0,1/25/2019,0,4
Bacong,Alejandro,1,3,3,50178,0,14,IT Support,MA,1886,1/7/1988,35,M,Divorced,US Citizen,No,White,1/5/2015,0,N/A-StillEmployed,Active,IT/IS,Peter Monroe,7,Indeed,Fully Meets,5,5,6,2/18/2019,0,16
Baczenski,Rachael,5,5,3,54670,1,19,Production Technician I,MA,1902,1/12/1974,49,F,Married,US Citizen,Yes,Black or African American,1/10/2011,1/12/2017,Another position,Voluntarily Terminated,Production,David Stanley,14,Diversity Job Fair,Fully Meets,4.2,4,0,1/30/2016,0,12
Barbara,Thomas,5,5,3,47211,1,19,Production Technician I,MA,2062,2/21/1974,49,M,Married,US Citizen,Yes,Black or African American,4/2/2012,9/19/2016,unhappy,Voluntarily Terminated,Production,Kissy Sullivan,20,Diversity Job Fair,Fully Meets,4.2,3,0,5/6/2016,0,15
Barbossa,Hector,1,3,4,92328,0,9,Data Analyst,TX,78230,7/4/1988,34,M,Divorced,US Citizen,No,Black or African American,11/10/2014,0,N/A-StillEmployed,Active,IT/IS,Simon Roup,4,Diversity Job Fair,Exceeds,4.28,4,5,2/25/2019,0,9
Barone,Francesco A,1,5,3,58709,0,19,Production Technician I,MA,1810,7/20/1983,39,M,Single,US Citizen,No,Two or more races,2/20/2012,0,N/A-StillEmployed,Active,Production,Kelley Spirea,18,Google Search,Fully Meets,4.6,4,0,2/14/2019,0,7
Barton,Nader,5,5,3,52505,1,19,Production Technician I,MA,2747,7/15/1977,45,M,Divorced,US Citizen,No,White,9/24/2012,4/6/2017,Another position,Voluntarily Terminated,Production,Michael Albert,22,On-line Web application,Fully Meets,5,5,0,3/2/2017,0,1
Bates,Norman,4,5,3,57834,1,19,Production Technician I,MA,2050,10/18/1981,41,M,Single,US Citizen,No,White,2/21/2011,8/4/2017,attendance,Terminated for Cause,Production,Kelley Spirea,18,Google Search,Fully Meets,5,4,0,4/5/2017,0,20
Beak,Kimberly,2,5,4,70131,0,20,Production Technician II,MA,2145,4/17/1966,57,F,Married,US Citizen,No,White,7/21/2016,0,N/A-StillEmployed,Active,Production,Kelley Spirea,18,Employee Referral,Exceeds,4.4,3,0,1/14/2019,0,16
Beatrice,Courtney,1,5,3,59026,0,19,Production Technician I,MA,1915,10/27/1970,52,F,Single,Eligible NonCitizen,No,White,4/4/2011,0,N/A-StillEmployed,Active,Production,Elijiah Gray,16,Google Search,Fully Meets,5,5,0,1/14/2019,0,12
Becker,Renee,4,3,3,110000,1,8,Database Administrator,MA,2026,4/4/1986,37,F,Single,US Citizen,Yes,White,7/7/2014,9/12/2015,performance,Terminated for Cause,IT/IS,Simon Roup,4,Google Search,Fully Meets,4.5,4,5,1/15/2015,0,8
Becker,Scott,3,5,3,53250,0,19,Production Technician I,MA,2452,4/6/1979,44,M,Single,US Citizen,No,Asian,7/8/2013,0,N/A-StillEmployed,Active,Production,Webster Butler,39,LinkedIn,Fully Meets,4.2,4,0,1/11/2019,0,13
Bernstein,Sean,1,5,3,51044,0,19,Production Technician I,MA,2072,12/22/1970,52,M,Single,US Citizen,Yes,White,4/2/2012,0,N/A-StillEmployed,Active,Production,Amy Dunn,11,Google Search,Fully Meets,5,3,0,1/14/2019,0,13
Biden,Lowan M,1,5,3,64919,0,19,Production Technician I,MA,2027,12/27/1958,64,F,Divorced,US Citizen,No,Asian,8/19/2013,0,N/A-StillEmployed,Active,Production,Ketsia Liebig,19,Indeed,Fully Meets,4.2,3,0,1/10/2019,0,2
Billis,Helen,1,5,4,62910,0,19,Production Technician I,MA,2031,9/1/1989,33,F,Married,US Citizen,No,White,7/7/2014,0,N/A-StillEmployed,Active,Production,Brannon Miller,12,Indeed,Exceeds,5,3,0,2/27/2019,0,19
Blount,Dianna,1,5,2,66441,0,20,Production Technician II,MA,2171,9/21/1990,32,F,Single,US Citizen,No,White,4/4/2011,0,N/A-StillEmployed,Active,Production,Michael Albert,22,CareerBuilder,Needs Improvement,2,3,0,2/27/2019,2,3
Bondwell,Betsy,5,5,3,57815,1,20,Production Technician II,MA,2210,1/16/1967,56,F,Single,US Citizen,No,White,1/10/2011,4/4/2014,career change,Voluntarily Terminated,Production,Elijiah Gray,16,Google Search,Fully Meets,4.8,5,0,3/4/2014,0,5
Booth,Frank,4,3,3,103613,1,30,Enterprise Architect,CT,6033,7/30/1964,58,M,Single,US Citizen,No,Black or African American,2/17/2014,2/19/2016,Learned that he is a gangster,Terminated for Cause,IT/IS,Simon Roup,4,LinkedIn,Fully Meets,3.5,5,7,1/10/2016,0,2
Boutwell,Bonalyn,1,1,3,106367,0,26,Sr. Accountant,MA,2468,4/4/1987,36,F,Married,US Citizen,No,Black or African American,2/16/2015,0,N/A-StillEmployed,Active,Admin Offices,Brandon R. LeBlanc,3,Diversity Job Fair,Fully Meets,5,4,3,2/18/2019,0,4
Bozzi,Charles,5,5,3,74312,1,18,Production Manager,MA,1901,3/10/1970,53,M,Single,US Citizen,No,Asian,9/30/2013,8/7/2014,retiring,Voluntarily Terminated,Production,Janet King,2,Indeed,Fully Meets,3.39,3,0,2/20/2014,0,14
Brill,Donna,5,5,3,53492,1,19,Production Technician I,MA,1701,8/24/1990,32,F,Married,US Citizen,No,White,4/2/2012,6/15/2013,Another position,Voluntarily Terminated,Production,David Stanley,14,Google Search,Fully Meets,3.35,4,0,3/4/2013,0,6
Brown,Mia,1,1,3,63000,0,1,Accountant I,MA,1450,11/24/1987,35,F,Married,US Citizen,No,Black or African American,10/27/2008,0,N/A-StillEmployed,Active,Admin Offices,Brandon R. LeBlanc,1,Diversity Job Fair,Fully Meets,4.5,2,6,1/15/2019,0,14
Buccheri,Joseph,1,5,3,65288,0,20,Production Technician II,MA,1013,7/28/1983,39,M,Single,US Citizen,No,White,9/29/2014,0,N/A-StillEmployed,Active,Production,Webster Butler,39,Google Search,Fully Meets,3.19,3,0,2/1/2019,0,9
Bugali,Josephine,3,5,3,64375,0,19,Production Technician I,MA,2043,10/30/1969,53,F,Separated,US Citizen,No,Black or African American,11/11/2013,0,N/A-StillEmployed,Active,Production,Kissy Sullivan,20,Diversity Job Fair,Fully Meets,3.5,5,0,1/21/2019,0,17
Bunbury,Jessica,5,6,3,74326,1,3,Area Sales Manager,VA,21851,6/1/1964,58,F,Married,Eligible NonCitizen,No,Black or African American,8/15/2011,8/2/2014,Another position,Voluntarily Terminated,Sales,John Smith,17,Google Search,Fully Meets,3.14,5,0,2/10/2013,1,19
Burke,Joelle,1,5,3,63763,0,20,Production Technician II,MA,2148,3/2/1980,43,F,Single,US Citizen,No,Black or African American,3/5/2012,0,N/A-StillEmployed,Active,Production,Amy Dunn,11,Employee Referral,Fully Meets,4.51,4,0,2/21/2019,0,3
Burkett,Benjamin,1,5,3,62162,0,20,Production Technician II,MA,1890,8/19/1977,45,M,Married,US Citizen,No,White,4/4/2011,0,N/A-StillEmployed,Active,Production,Ketsia Liebig,19,Indeed,Fully Meets,3.25,5,0,1/14/2019,0,15
Cady,Max,1,4,3,77692,0,25,Software Engineering Manager,MA,2184,11/22/1966,56,M,Single,US Citizen,No,White,8/15/2011,0,N/A-StillEmployed,Active,Software Engineering,Jennifer Zamora,5,Google Search,Fully Meets,3.84,3,5,1/21/2019,0,4
Candie,Calvin,1,5,4,72640,0,18,Production Manager,MA,2169,8/9/1983,39,M,Single,US Citizen,No,White,1/28/2016,0,N/A-StillEmployed,Active,Production,Janet King,2,Indeed,Exceeds,5,3,0,2/22/2019,0,14
Carabbio,Judith,1,4,3,93396,0,24,Software Engineer,MA,2132,4/5/1987,36,F,Single,US Citizen,No,White,11/11/2013,0,N/A-StillEmployed,Active,Software Engineering,Alex Sweetwater,10,Indeed,Fully Meets,4.96,4,6,1/30/2019,0,3
Carey,Michael,1,5,3,52846,0,19,Production Technician I,MA,1701,2/2/1983,40,M,Single,US Citizen,No,Black or African American,3/31/2014,0,N/A-StillEmployed,Active,Production,Kelley Spirea,18,LinkedIn,Fully Meets,4.43,3,0,2/1/2019,0,14
Carr,Claudia N,2,3,3,100031,0,27,Sr. DBA,MA,1886,6/6/1986,36,F,Single,US Citizen,No,Black or African American,6/30/2016,0,N/A-StillEmployed,Active,IT/IS,Simon Roup,4,LinkedIn,Fully Meets,5,5,6,2/18/2019,0,7
Carter,Michelle,1,6,3,71860,0,3,Area Sales Manager,VT,5664,5/15/1963,60,F,Single,US Citizen,No,White,8/18/2014,0,N/A-StillEmployed,Active,Sales,John Smith,17,Indeed,Fully Meets,5,5,0,1/21/2019,0,7
Chace,Beatrice,1,5,3,61656,0,19,Production Technician I,MA,2763,1/2/1951,72,F,Single,US Citizen,No,White,9/29/2014,0,N/A-StillEmployed,Active,Production,Michael Albert,22,Google Search,Fully Meets,5,4,0,2/12/2019,0,11
Champaigne,Brian,1,3,3,110929,0,5,BI Director,MA,2045,2/9/1972,51,M,Married,US Citizen,No,White,9/6/2016,0,N/A-StillEmployed,Active,IT/IS,Jennifer Zamora,5,Indeed,Fully Meets,4.5,5,7,1/15/2019,0,8
Chan,Lin,1,5,3,54237,0,19,Production Technician I,MA,2170,2/12/1979,44,F,Single,US Citizen,No,White,5/12/2014,0,N/A-StillEmployed,Active,Production,Elijiah Gray,16,Indeed,Fully Meets,3.3,4,0,2/19/2019,0,11
Chang,Donovan E,1,5,3,60380,0,19,Production Technician I,MA,1845,8/24/1983,39,M,Single,US Citizen,No,White,7/8/2013,0,N/A-StillEmployed,Active,Production,Webster Butler,39,LinkedIn,Fully Meets,3.8,5,0,1/14/2019,0,4
Chigurh,Anton,1,6,3,66808,0,3,Area Sales Manager,TX,78207,6/11/1970,52,M,Single,Eligible NonCitizen,No,Black or African American,5/14/2012,0,N/A-StillEmployed,Active,Sales,Lynn Daneault,21,Employee Referral,Fully Meets,3,5,0,1/19/2019,0,17
Chivukula,Enola,5,5,3,64786,1,19,Production Technician I,MA,1775,8/27/1983,39,F,Single,US Citizen,No,White,6/27/2011,11/15/2015,relocation out of area,Voluntarily Terminated,Production,Amy Dunn,11,Indeed,Fully Meets,4.3,4,0,3/10/2015,0,3
Cierpiszewski,Caroline,1,5,3,64816,0,19,Production Technician I,MA,2044,5/31/1988,34,F,Single,Non-Citizen,No,Black or African American,10/3/2011,0,N/A-StillEmployed,Active,Production,Ketsia Liebig,19,Indeed,Fully Meets,3.58,5,0,1/30/2019,0,3
Clayton,Rick,1,3,3,68678,0,14,IT Support,MA,2170,9/5/1985,37,M,Single,US Citizen,No,White,9/5/2012,0,N/A-StillEmployed,Active,IT/IS,Eric Dougall,6,Indeed,Fully Meets,4.7,3,6,2/27/2019,0,2
Cloninger,Jennifer,5,5,3,64066,1,20,Production Technician II,MA,1752,8/31/1981,41,F,Married,US Citizen,No,White,5/16/2011,1/7/2013,unhappy,Voluntarily Terminated,Production,Brannon Miller,12,Google Search,Fully Meets,4.2,5,0,5/3/2012,0,9
Close,Phil,5,5,3,59369,1,20,Production Technician II,MA,2169,11/25/1978,44,M,Married,US Citizen,No,White,8/30/2010,9/26/2011,career change,Voluntarily Terminated,Production,David Stanley,14,Indeed,Fully Meets,4.2,4,0,5/4/2011,0,6
Clukey,Elijian,2,5,4,50373,0,19,Production Technician I,MA,2134,8/26/1980,42,M,Married,US Citizen,No,White,7/6/2016,0,N/A-StillEmployed,Active,Production,Brannon Miller,12,Employee Referral,Exceeds,4.1,4,0,2/28/2019,0,5
Cockel,James,1,5,3,63108,0,19,Production Technician I,MA,2452,9/8/1977,45,M,Single,US Citizen,No,White,7/8/2013,0,N/A-StillEmployed,Active,Production,David Stanley,14,Employee Referral,Fully Meets,4.4,5,0,1/14/2019,0,3
Cole,Spencer,4,5,2,59144,1,19,Production Technician I,MA,1880,8/12/1979,43,M,Single,US Citizen,No,Black or African American,7/11/2011,9/23/2016,performance,Terminated for Cause,Production,Kissy Sullivan,20,LinkedIn,Needs Improvement,2,3,0,5/1/2016,5,16
Corleone,Michael,1,5,2,68051,0,18,Production Manager,MA,1803,12/17/1975,47,M,Divorced,US Citizen,No,White,7/20/2010,0,N/A-StillEmployed,Active,Production,Janet King,2,CareerBuilder,Needs Improvement,4.13,2,0,1/14/2019,3,3
Corleone,Vito,1,5,4,170500,0,10,Director of Operations,MA,2030,3/19/1983,40,M,Single,US Citizen,No,Black or African American,1/5/2009,0,N/A-StillEmployed,Active,Production,Janet King,2,Indeed,Exceeds,3.7,5,0,2/4/2019,0,15
Cornett,Lisa,1,5,3,63381,0,19,Production Technician I,MA,2189,3/31/1977,46,F,Married,US Citizen,Yes,White,1/5/2015,0,N/A-StillEmployed,Active,Production,Kelley Spirea,18,Indeed,Fully Meets,4.73,5,0,2/14/2019,0,6
Costello,Frank,1,3,3,83552,0,9,Data Analyst,MA,1810,8/26/1986,36,M,Married,US Citizen,No,White,3/30/2015,0,N/A-StillEmployed,Active,IT/IS,Simon Roup,4,Indeed,Fully Meets,3.04,3,6,1/22/2019,0,2
Crimmings,Jean,2,5,3,56149,0,19,Production Technician I,MA,1821,4/10/1987,36,F,Single,US Citizen,No,White,7/6/2016,0,N/A-StillEmployed,Active,Production,Michael Albert,22,LinkedIn,Fully Meets,4.12,5,0,1/28/2019,0,15
Cross,Noah,1,3,3,92329,0,28,Sr. Network Engineer,CT,6278,9/9/1965,57,M,Single,US Citizen,No,White,11/10/2014,0,N/A-StillEmployed,Active,IT/IS,Peter Monroe,7,Employee Referral,Fully Meets,5,3,4,1/2/2019,0,5
Daneault,Lynn,1,6,3,65729,0,21,Sales Manager,VT,5473,4/19/1990,33,F,Single,US Citizen,No,White,5/5/2014,0,N/A-StillEmployed,Active,Sales,Debra Houlihan,15,Indeed,Fully Meets,4.62,4,0,1/24/2019,0,8
Daniele,Ann,3,3,3,85028,0,28,Sr. Network Engineer,CT,6033,1/18/1952,71,F,Married,US Citizen,No,White,11/10/2014,0,N/A-StillEmployed,Active,IT/IS,Peter Monroe,7,LinkedIn,Fully Meets,3.1,5,8,2/12/2019,0,19
Darson,Jene'ya,1,5,3,57583,0,19,Production Technician I,MA,2110,11/5/1978,44,F,Married,US Citizen,No,White,7/2/2012,0,N/A-StillEmployed,Active,Production,Elijiah Gray,16,Indeed,Fully Meets,5,3,0,2/25/2019,0,1
Davis,Daniel,1,5,3,56294,0,20,Production Technician II,MA,2458,9/14/1979,43,M,Single,Eligible NonCitizen,No,Two or more races,11/7/2011,0,N/A-StillEmployed,Active,Production,Kissy Sullivan,20,LinkedIn,Fully Meets,3.96,4,0,2/27/2019,0,6
Dee,Randy,1,6,1,56991,0,19,Production Technician I,MA,2138,4/15/1988,35,M,Married,US Citizen,No,White,7/9/2018,0,N/A-StillEmployed,Active,Production,Brannon Miller,12,Indeed,Fully Meets,4.3,4,3,1/31/2019,2,2
DeGweck,James,5,5,3,55722,1,19,Production Technician I,MA,1810,10/31/1977,45,M,Married,US Citizen,No,White,5/16/2011,6/8/2016,unhappy,Voluntarily Terminated,Production,Webster Butler,39,Indeed,Fully Meets,5,4,0,4/2/2016,0,14
Del Bosque,Keyla,1,4,3,101199,0,24,Software Engineer,MA,2176,7/5/1979,43,F,Single,US Citizen,No,Black or African American,1/9/2012,0,N/A-StillEmployed,Active,Software Engineering,Alex Sweetwater,10,CareerBuilder,Fully Meets,3.79,5,5,1/25/2019,0,8
Delarge,Alex,1,6,1,61568,0,3,Area Sales Manager,AL,36006,11/2/1975,47,M,Single,US Citizen,No,Two or more races,9/29/2014,0,N/A-StillEmployed,Active,Sales,John Smith,17,Indeed,PIP,1.93,3,0,1/30/2019,6,5
Demita,Carla,5,5,3,58275,1,20,Production Technician II,MA,2343,2/25/1951,72,F,Separated,US Citizen,No,Black or African American,4/4/2011,11/4/2015,more money,Voluntarily Terminated,Production,Kelley Spirea,18,Google Search,Fully Meets,4.62,5,0,5/6/2015,0,1
Desimone,Carl,1,5,1,53189,0,19,Production Technician I,MA,2061,4/19/1967,56,M,Married,US Citizen,No,White,7/7/2014,0,N/A-StillEmployed,Active,Production,Amy Dunn,11,Indeed,PIP,1.12,2,0,1/31/2019,4,9
DeVito,Tommy,1,3,3,96820,0,4,BI Developer,MA,2045,9/4/1983,39,M,Single,US Citizen,No,White,2/15/2017,0,N/A-StillEmployed,Active,IT/IS,Brian Champaigne,13,Indeed,Fully Meets,3.01,5,7,1/23/2019,0,15
Dickinson,Geoff,1,5,3,51259,0,19,Production Technician I,MA,2180,11/15/1982,40,M,Single,US Citizen,No,White,5/12/2014,0,N/A-StillEmployed,Active,Production,Ketsia Liebig,19,Indeed,Fully Meets,4.3,4,0,2/19/2019,0,1
Dietrich,Jenna,1,6,1,59231,0,3,Area Sales Manager,WA,98052,5/14/1987,36,F,Single,US Citizen,Yes,White,2/20/2012,0,N/A-StillEmployed,Active,Sales,John Smith,17,Website,PIP,2.3,1,0,1/29/2019,2,17
DiNocco,Lily,1,5,2,61584,0,19,Production Technician I,MA,2351,12/2/1978,44,F,Married,US Citizen,No,Black or African American,1/7/2013,0,N/A-StillEmployed,Active,Production,Brannon Miller,12,Indeed,Needs Improvement,3.88,4,0,1/18/2019,0,6
Dobrin,Denisa S,1,5,3,46335,0,19,Production Technician I,MA,2125,10/7/1986,36,F,Single,US Citizen,Yes,White,4/2/2012,0,N/A-StillEmployed,Active,Production,David Stanley,14,CareerBuilder,Fully Meets,3.4,5,0,2/19/2019,0,15
Dolan,Linda,1,3,3,70621,0,14,IT Support,MA,2119,7/18/1988,34,F,Married,US Citizen,No,White,1/5/2015,0,N/A-StillEmployed,Active,IT/IS,Peter Monroe,7,Employee Referral,Fully Meets,4.11,4,6,2/25/2019,0,16
Dougall,Eric,1,3,4,138888,0,13,IT Manager - Support,MA,1886,7/9/1970,52,M,Single,US Citizen,No,Black or African American,1/5/2014,0,N/A-StillEmployed,Active,IT/IS,Jennifer Zamora,5,Indeed,Exceeds,4.3,5,5,1/4/2019,0,4
Driver,Elle,1,6,4,74241,0,3,Area Sales Manager,CA,90007,11/8/1988,34,F,Single,US Citizen,No,White,1/10/2011,0,N/A-StillEmployed,Active,Sales,Lynn Daneault,21,Indeed,Exceeds,4.77,5,0,1/27/2019,0,14
Dunn,Amy,1,5,3,75188,0,18,Production Manager,MA,1731,11/28/1973,49,F,Single,US Citizen,No,White,9/18/2014,0,N/A-StillEmployed,Active,Production,Janet King,2,Google Search,Fully Meets,4.52,4,0,1/15/2019,0,4
Dunne,Amy,1,5,3,62514,0,19,Production Technician I,MA,1749,9/23/1973,49,F,Married,US Citizen,No,White,4/26/2010,0,N/A-StillEmployed,Active,Production,Ketsia Liebig,19,Google Search,Fully Meets,2.9,3,0,1/21/2019,0,6
Eaton,Marianne,5,5,3,60070,1,19,Production Technician I,MA,2343,9/5/1991,31,F,Married,US Citizen,No,White,4/4/2011,6/6/2017,military,Voluntarily Terminated,Production,Kissy Sullivan,20,Google Search,Fully Meets,5,3,0,4/9/2017,0,7
Engdahl,Jean,1,5,3,48888,0,19,Production Technician I,MA,2026,5/31/1974,48,M,Single,US Citizen,No,White,11/10/2014,0,N/A-StillEmployed,Active,Production,Kelley Spirea,18,LinkedIn,Fully Meets,4.7,5,0,2/13/2019,0,8
England,Rex,1,5,3,54285,0,19,Production Technician I,MA,2045,8/25/1978,44,M,Married,US Citizen,No,White,3/31/2014,0,N/A-StillEmployed,Active,Production,Kelley Spirea,18,Employee Referral,Fully Meets,4.2,3,0,1/11/2019,0,3
Erilus,Angela,1,5,1,56847,0,20,Production Technician II,MA,2133,8/25/1989,33,F,Separated,US Citizen,No,White,7/7/2014,0,N/A-StillEmployed,Active,Production,Michael Albert,22,Indeed,PIP,3,1,0,2/25/2019,2,5
Estremera,Miguel,4,5,2,60340,1,19,Production Technician I,MA,2129,9/2/1983,39,M,Single,US Citizen,No,White,4/2/2012,9/27/2018,attendance,Terminated for Cause,Production,Michael Albert,22,Google Search,Needs Improvement,5,4,0,4/12/2018,5,16
Evensen,April,4,5,2,59124,1,19,Production Technician I,MA,2458,5/6/1989,34,F,Single,US Citizen,No,White,2/17/2014,2/25/2018,"no-call, no-show",Terminated for Cause,Production,Elijiah Gray,16,Google Search,Needs Improvement,2.3,3,0,1/15/2017,5,19
Exantus,Susan,4,4,2,99280,1,24,Software Engineer,MA,1749,5/15/1987,35,F,Married,US Citizen,No,Black or African American,5/2/2011,6/5/2013,attendance,Terminated for Cause,Software Engineering,Alex Sweetwater,10,Indeed,Needs Improvement,2.1,5,4,8/10/2012,4,19
Faller,Megan,1,5,3,71776,0,20,Production Technician II,MA,1824,9/22/1978,44,F,Married,US Citizen,No,Black or African American,7/7/2014,0,N/A-StillEmployed,Active,Production,Elijiah Gray,16,LinkedIn,Fully Meets,4.4,5,0,2/22/2019,0,17
Fancett,Nicole,1,5,3,65902,0,20,Production Technician II,MA,2324,9/27/1987,35,F,Single,US Citizen,No,Black or African American,2/17/2014,0,N/A-StillEmployed,Active,Production,Webster Butler,39,LinkedIn,Fully Meets,4,4,0,1/7/2019,0,7
Ferguson,Susan,5,5,3,57748,1,19,Production Technician I,MA,2176,4/14/1955,68,F,Married,US Citizen,No,White,11/7/2011,5/17/2016,military,Voluntarily Terminated,Production,Webster Butler,39,Google Search,Fully Meets,3.13,3,0,2/4/2016,0,16
Fernandes,Nilson,1,5,1,64057,0,19,Production Technician I,MA,2132,10/18/1989,33,M,Married,US Citizen,No,White,5/11/2015,0,N/A-StillEmployed,Active,Production,Amy Dunn,11,Indeed,PIP,1.56,5,0,1/3/2019,6,15
Fett,Boba,1,3,1,53366,0,15,Network Engineer,MA,2138,6/18/1987,35,M,Single,US Citizen,No,White,3/30/2015,0,N/A-StillEmployed,Active,IT/IS,Peter Monroe,7,LinkedIn,PIP,1.2,3,6,2/4/2019,3,2
Fidelia,Libby,1,5,3,58530,0,19,Production Technician I,MA,2155,3/16/1981,42,F,Married,US Citizen,No,White,1/9/2012,0,N/A-StillEmployed,Active,Production,Brannon Miller,12,Google Search,Fully Meets,5,5,0,1/29/2019,0,19
Fitzpatrick,Michael J,5,5,3,72609,1,20,Production Technician II,MA,2143,10/1/1981,41,M,Single,US Citizen,Yes,White,5/16/2011,6/24/2013,hours,Voluntarily Terminated,Production,Amy Dunn,11,Google Search,Fully Meets,4.76,5,0,4/5/2013,0,20
Foreman,Tanya,5,5,3,55965,1,20,Production Technician II,MA,2170,11/8/1983,39,F,Married,US Citizen,No,White,4/4/2011,1/9/2013,career change,Voluntarily Terminated,Production,Ketsia Liebig,19,Google Search,Fully Meets,3.66,3,0,1/7/2012,0,6
Forrest,Alex,1,6,3,70187,1,3,Area Sales Manager,MA,2330,7/7/1975,47,M,Married,US Citizen,No,White,9/29/2014,8/19/2018,Fatal attraction,Terminated for Cause,Sales,Lynn Daneault,21,Employee Referral,PIP,2,5,0,1/28/2019,4,7
Foss,Jason,1,3,4,178000,0,12,IT Director,MA,1460,7/5/1980,42,M,Single,US Citizen,No,Black or African American,4/15/2011,0,N/A-StillEmployed,Active,IT/IS,Jennifer Zamora,5,Indeed,Exceeds,5,5,5,1/7/2019,0,15
Foster-Baker,Amy,1,1,3,99351,0,26,Sr. Accountant,MA,2050,4/16/1979,44,F,Married,US Citizen,no,White,1/5/2009,0,N/A-StillEmployed,Active,Admin Offices,Board of Directors,9,Other,Fully Meets,5,3,2,2/8/2019,0,3
Fraval,Maruk,1,6,3,67251,0,3,Area Sales Manager,CT,6050,8/28/1963,59,M,Single,US Citizen,No,Black or African American,9/6/2011,0,N/A-StillEmployed,Active,Sales,Lynn Daneault,21,CareerBuilder,Fully Meets,4.3,3,0,1/27/2019,2,7
Galia,Lisa,1,3,3,65707,0,14,IT Support,CT,6040,7/6/1968,54,F,Single,US Citizen,No,White,5/1/2010,0,N/A-StillEmployed,Active,IT/IS,Eric Dougall,6,LinkedIn,Fully Meets,4.7,4,5,2/1/2019,0,1
Garcia,Raul,1,5,3,52249,0,19,Production Technician I,MA,1905,9/15/1985,37,M,Single,US Citizen,Yes,White,3/30/2015,0,N/A-StillEmployed,Active,Production,David Stanley,14,Employee Referral,Fully Meets,4.5,3,0,2/18/2019,0,5
Gaul,Barbara,1,5,3,53171,0,19,Production Technician I,MA,2121,12/2/1983,39,F,Single,US Citizen,Yes,Black or African American,5/16/2011,0,N/A-StillEmployed,Active,Production,Kelley Spirea,18,LinkedIn,Fully Meets,4.2,4,0,2/26/2019,0,12
Gentry,Mildred,1,5,3,51337,0,19,Production Technician I,MA,2145,10/1/1990,32,F,Married,US Citizen,No,Black or African American,3/30/2015,0,N/A-StillEmployed,Active,Production,Michael Albert,22,LinkedIn,Fully Meets,3.73,3,0,1/16/2019,0,19
Gerke,Melisa,5,5,3,51505,1,19,Production Technician I,MA,2330,5/15/1970,53,F,Divorced,US Citizen,No,Black or African American,11/7/2011,11/15/2016,hours,Voluntarily Terminated,Production,Elijiah Gray,16,Diversity Job Fair,Fully Meets,4.24,4,0,4/29/2016,0,2
Gill,Whitney,4,6,3,59370,1,3,Area Sales Manager,OH,43050,7/10/1971,51,F,Widowed,US Citizen,No,Black or African American,7/7/2014,9/5/2015,attendance,Terminated for Cause,Sales,John Smith,17,CareerBuilder,Fully Meets,3.97,4,0,1/15/2014,0,7
Gilles,Alex,5,5,2,54933,1,19,Production Technician I,MA,2062,8/9/1974,48,M,Married,US Citizen,No,Black or African American,4/2/2012,6/25/2015,military,Voluntarily Terminated,Production,Webster Butler,39,Diversity Job Fair,Needs Improvement,3.97,4,0,1/20/2015,3,15
Girifalco,Evelyn,1,5,4,57815,0,19,Production Technician I,MA,2451,5/8/1980,43,F,Single,US Citizen,Yes,Two or more races,9/29/2014,0,N/A-StillEmployed,Active,Production,Amy Dunn,11,Indeed,Exceeds,3.9,4,0,2/7/2019,0,3
Givens,Myriam,1,6,3,61555,0,3,Area Sales Manager,IN,46204,9/22/1989,33,F,Single,US Citizen,No,White,2/16/2015,0,N/A-StillEmployed,Active,Sales,Lynn Daneault,21,Indeed,Fully Meets,4.5,5,0,1/25/2019,0,20
Goble,Taisha,4,3,3,114800,1,8,Database Administrator,MA,2127,10/23/1971,51,F,Single,US Citizen,No,White,2/16/2015,3/15/2015,"no-call, no-show",Terminated for Cause,IT/IS,Simon Roup,4,Indeed,Fully Meets,4.6,4,4,1/20/2015,0,10
Goeth,Amon,1,3,3,74679,0,14,IT Support,MA,2135,11/24/1989,33,M,Married,US Citizen,Yes,White,3/30/2015,0,N/A-StillEmployed,Active,IT/IS,Peter Monroe,7,LinkedIn,Fully Meets,4.3,5,7,1/10/2019,0,20
Gold,Shenice,1,5,3,53018,0,19,Production Technician I,MA,2451,6/18/1992,30,F,Single,US Citizen,Yes,White,11/11/2013,0,N/A-StillEmployed,Active,Production,Ketsia Liebig,19,Indeed,Fully Meets,4.3,5,0,2/18/2019,0,7
Gonzalez,Cayo,1,5,4,59892,0,19,Production Technician I,MA,2108,9/29/1969,53,M,Divorced,US Citizen,No,Black or African American,7/11/2011,0,N/A-StillEmployed,Active,Production,Brannon Miller,12,Diversity Job Fair,Exceeds,4.5,4,0,2/18/2019,0,1
Gonzalez,Juan,5,5,1,68898,1,20,Production Technician II,MA,2128,10/12/1964,58,M,Married,US Citizen,No,Black or African American,4/26/2010,5/30/2011,career change,Voluntarily Terminated,Production,Brannon Miller,12,Diversity Job Fair,PIP,3,3,0,3/6/2011,3,10
Gonzalez,Maria,1,3,3,61242,0,14,IT Support,MA,2472,4/16/1981,42,F,Separated,US Citizen,Yes,White,1/5/2015,0,N/A-StillEmployed,Active,IT/IS,Peter Monroe,7,Employee Referral,Fully Meets,4.61,4,5,1/28/2019,0,11
Good,Susan,3,5,3,66825,0,20,Production Technician II,MA,1886,5/25/1986,36,F,Married,US Citizen,No,White,5/12/2014,0,N/A-StillEmployed,Active,Production,David Stanley,14,LinkedIn,Fully Meets,4.6,3,0,2/7/2019,0,20
Gordon,David,1,5,3,48285,0,19,Production Technician I,MA,2169,5/21/1979,43,M,Married,US Citizen,No,White,7/2/2012,0,N/A-StillEmployed,Active,Production,David Stanley,14,LinkedIn,Fully Meets,5,3,0,1/14/2019,0,2
Gosciminski,Phylicia,3,5,3,66149,0,20,Production Technician II,MA,1824,12/8/1983,39,F,Separated,US Citizen,No,American Indian or Alaska Native,9/30/2013,0,N/A-StillEmployed,Active,Production,Kissy Sullivan,20,Google Search,Fully Meets,4.4,5,0,2/21/2019,0,1
Goyal,Roxana,3,5,3,49256,0,19,Production Technician I,MA,1864,10/9/1974,48,F,Married,US Citizen,No,Asian,8/19/2013,0,N/A-StillEmployed,Active,Production,Kissy Sullivan,20,LinkedIn,Fully Meets,4.1,5,0,2/15/2019,0,3
Gray,Elijiah,1,5,3,62957,0,18,Production Manager,MA,1752,7/11/1981,41,M,Divorced,US Citizen,No,White,6/2/2015,0,N/A-StillEmployed,Active,Production,Janet King,2,Employee Referral,Fully Meets,4.63,3,0,1/4/2019,0,2
Gross,Paula,5,5,3,63813,1,19,Production Technician I,MA,2176,5/21/1983,39,F,Divorced,US Citizen,No,White,2/21/2011,1/11/2014,more money,Voluntarily Terminated,Production,Kelley Spirea,18,CareerBuilder,Fully Meets,5,5,0,6/3/2013,0,17
Gruber,Hans,1,3,3,99020,0,4,BI Developer,MA,2134,6/30/1989,33,M,Married,US Citizen,No,Black or African American,4/20/2017,0,N/A-StillEmployed,Active,IT/IS,Brian Champaigne,13,Indeed,Fully Meets,4.2,5,5,1/28/2019,0,8
Guilianno,Mike,5,6,3,71707,1,3,Area Sales Manager,TN,37129,2/9/1969,54,M,Single,US Citizen,No,Two or more races,3/7/2012,10/31/2014,relocation out of area,Voluntarily Terminated,Sales,John Smith,17,LinkedIn,Fully Meets,4.5,5,0,2/1/2013,0,20
Handschiegl,Joanne,1,5,3,54828,0,19,Production Technician I,MA,2127,3/23/1977,46,F,Married,US Citizen,No,White,11/28/2011,0,N/A-StillEmployed,Active,Production,Michael Albert,22,Google Search,Fully Meets,4.2,4,0,2/22/2019,0,13
Hankard,Earnest,1,5,3,64246,0,20,Production Technician II,MA,2155,8/10/1988,34,M,Single,US Citizen,Yes,White,11/11/2013,0,N/A-StillEmployed,Active,Production,Kelley Spirea,18,LinkedIn,Fully Meets,5,3,0,1/8/2019,0,20
Harrington,Christie,5,5,3,52177,1,19,Production Technician I,MA,2324,8/18/1952,70,F,Single,US Citizen,No,White,1/9/2012,12/15/2015,retiring,Voluntarily Terminated,Production,Webster Butler,39,CareerBuilder,Fully Meets,4.64,4,0,5/2/2015,0,8
Harrison,Kara,1,5,4,62065,0,19,Production Technician I,MA,1886,5/2/1974,49,F,Married,US Citizen,No,White,5/12/2014,0,N/A-StillEmployed,Active,Production,Amy Dunn,11,CareerBuilder,Exceeds,4.76,4,0,2/15/2019,0,5
Heitzman,Anthony,1,5,3,46998,0,19,Production Technician I,MA,2149,1/4/1984,39,M,Single,US Citizen,No,White,8/13/2012,0,N/A-StillEmployed,Active,Production,Ketsia Liebig,19,Google Search,Fully Meets,4.17,4,0,2/11/2019,0,1
Hendrickson,Trina,5,5,3,68099,1,20,Production Technician II,MA,2021,8/27/1972,50,F,Single,US Citizen,No,White,1/10/2011,6/18/2013,hours,Voluntarily Terminated,Production,Kelley Spirea,18,CareerBuilder,Fully Meets,5,3,0,1/30/2013,0,15
Hitchcock,Alfred,1,6,3,70545,0,3,Area Sales Manager,NH,3062,9/14/1988,34,M,Married,US Citizen,No,American Indian or Alaska Native,8/18/2014,0,N/A-StillEmployed,Active,Sales,John Smith,17,Indeed,Fully Meets,3.6,5,0,1/30/2019,0,9
Homberger,Adrienne J,5,5,3,63478,1,20,Production Technician II,MA,2445,2/16/1984,39,F,Married,Non-Citizen,No,White,8/15/2011,4/7/2012,relocation out of area,Voluntarily Terminated,Production,Michael Albert,30,Indeed,Fully Meets,3.03,5,0,3/5/2012,0,16
Horton,Jayne,1,3,3,97999,0,8,Database Administrator,MA,2493,2/21/1984,39,F,Single,US Citizen,No,White,3/30/2015,0,N/A-StillEmployed,Active,IT/IS,Simon Roup,4,Indeed,Fully Meets,4.48,5,6,1/3/2019,0,4
Houlihan,Debra,1,6,3,180000,0,11,Director of Sales,RI,2908,3/17/1966,57,F,Married,US Citizen,No,White,5/5/2014,0,N/A-StillEmployed,Active,Sales,Janet King,2,LinkedIn,Fully Meets,4.5,4,0,1/21/2019,0,19
Howard,Estelle,1,1,3,49920,1,2,Administrative Assistant,MA,2170,9/16/1985,37,F,Married,US Citizen,No,Black or African American,2/16/2015,4/15/2015,"no-call, no-show",Terminated for Cause,Admin Offices,Brandon R. LeBlanc,1,Indeed,Fully Meets,3.24,3,4,4/15/2015,0,6
Hudson,Jane,1,5,3,55425,0,19,Production Technician I,MA,2176,6/10/1986,36,F,Single,US Citizen,No,White,2/20/2012,0,N/A-StillEmployed,Active,Production,Ketsia Liebig,19,LinkedIn,Fully Meets,4.8,4,0,1/7/2019,0,4
Hunts,Julissa,2,5,3,69340,0,20,Production Technician II,MA,2021,3/11/1984,39,F,Single,US Citizen,No,White,6/6/2016,0,N/A-StillEmployed,Active,Production,Elijiah Gray,16,LinkedIn,Fully Meets,3,5,0,1/18/2019,0,4
Hutter,Rosalie,2,5,3,64995,0,20,Production Technician II,MA,2351,5/7/1992,31,F,Separated,US Citizen,No,White,6/5/2015,0,N/A-StillEmployed,Active,Production,Webster Butler,39,Indeed,Fully Meets,4.5,3,0,2/14/2019,0,6
Huynh,Ming,5,5,3,68182,1,20,Production Technician II,MA,1742,9/22/1976,46,F,Divorced,US Citizen,No,White,2/21/2011,4/1/2013,unhappy,Voluntarily Terminated,Production,Amy Dunn,11,Google Search,Fully Meets,3.72,3,0,2/1/2013,0,18
Immediato,Walter,5,5,2,83082,1,18,Production Manager,MA,2128,11/15/1976,46,M,Married,US Citizen,No,Asian,2/21/2011,9/24/2012,unhappy,Voluntarily Terminated,Production,Janet King,2,Indeed,Needs Improvement,2.34,2,0,4/12/2012,3,4
Ivey,Rose,1,5,3,51908,0,19,Production Technician I,MA,1775,1/28/1991,32,F,Single,US Citizen,No,White,8/19/2013,0,N/A-StillEmployed,Active,Production,Brannon Miller,12,Indeed,Fully Meets,3.99,3,0,1/14/2019,0,14
Jackson,Maryellen,1,5,3,61242,0,19,Production Technician I,MA,2081,9/11/1972,50,F,Single,US Citizen,No,Black or African American,11/5/2012,0,N/A-StillEmployed,Active,Production,David Stanley,14,LinkedIn,Fully Meets,4.1,3,0,1/17/2019,0,7
Jacobi,Hannah,1,5,3,45069,0,19,Production Technician I,MA,1778,3/22/1966,57,F,Divorced,US Citizen,No,White,9/30/2013,0,N/A-StillEmployed,Active,Production,Kissy Sullivan,20,Employee Referral,Fully Meets,4.3,5,0,2/22/2019,0,7
Jeannite,Tayana,1,5,4,60724,0,20,Production Technician II,MA,1821,11/6/1986,36,F,Divorced,US Citizen,No,American Indian or Alaska Native,7/5/2011,0,N/A-StillEmployed,Active,Production,Ketsia Liebig,19,LinkedIn,Exceeds,4.6,4,0,2/25/2019,0,11
Jhaveri,Sneha,1,5,3,60436,0,19,Production Technician I,MA,2109,4/13/1964,59,F,Separated,US Citizen,No,White,1/6/2014,0,N/A-StillEmployed,Active,Production,Kelley Spirea,18,LinkedIn,Fully Meets,5,5,0,1/21/2019,0,9
Johnson,George,5,5,4,46837,1,19,Production Technician I,MA,2445,8/19/1959,63,M,Married,US Citizen,No,White,11/7/2011,4/29/2018,more money,Voluntarily Terminated,Production,Michael Albert,22,CareerBuilder,Exceeds,4.7,4,0,2/14/2018,0,9
Johnson,Noelle,3,3,3,105700,0,8,Database Administrator,MA,2301,11/7/1986,36,F,Married,US Citizen,No,Asian,1/5/2015,0,N/A-StillEmployed,Active,IT/IS,Simon Roup,4,Indeed,Fully Meets,3.75,3,5,2/11/2019,0,2
Johnston,Yen,1,5,4,63322,0,20,Production Technician II,MA,2128,9/8/1969,53,F,Single,US Citizen,No,White,7/7/2014,0,N/A-StillEmployed,Active,Production,Brannon Miller,12,LinkedIn,Exceeds,4.3,3,0,1/11/2019,0,1
Jung,Judy,5,5,3,61154,1,19,Production Technician I,MA,2446,4/17/1986,37,F,Married,US Citizen,No,Black or African American,1/10/2011,4/1/2016,unhappy,Voluntarily Terminated,Production,Elijiah Gray,16,CareerBuilder,Fully Meets,4,4,0,2/3/2016,0,4
Kampew,Donysha,5,6,3,68999,1,21,Sales Manager,PA,19444,11/11/1989,33,F,Single,US Citizen,No,White,11/7/2011,4/24/2014,maternity leave - did not return,Voluntarily Terminated,Sales,Debra Houlihan,15,Google Search,Fully Meets,4.5,5,0,3/30/2013,0,2
Keatts,Kramer,1,5,3,50482,0,19,Production Technician I,MA,1887,1/19/1976,47,M,Single,US Citizen,No,White,9/30/2013,0,N/A-StillEmployed,Active,Production,Michael Albert,22,Indeed,Fully Meets,3.07,4,0,1/23/2019,0,10
Khemmich,Bartholemew,1,6,3,65310,0,3,Area Sales Manager,CO,80820,11/27/1979,43,M,Single,US Citizen,No,White,8/19/2013,0,N/A-StillEmployed,Active,Sales,Lynn Daneault,21,Indeed,Fully Meets,4.3,5,0,1/22/2019,0,13
King,Janet,1,2,3,250000,0,16,President & CEO,MA,1902,9/21/1954,68,F,Married,US Citizen,Yes,White,7/2/2012,0,N/A-StillEmployed,Active,Executive Office,Board of Directors,9,Indeed,Fully Meets,4.83,3,0,1/17/2019,0,10
Kinsella,Kathleen,5,5,3,54005,1,19,Production Technician I,MA,2170,12/8/1973,49,F,Married,US Citizen,No,White,9/26/2011,6/4/2015,more money,Voluntarily Terminated,Production,Webster Butler,39,Google Search,Fully Meets,3.6,5,0,3/1/2015,0,16
Kirill,Alexandra,5,5,3,45433,1,19,Production Technician I,MA,2127,10/8/1970,52,F,Married,US Citizen,No,White,9/26/2011,1/9/2014,more money,Voluntarily Terminated,Production,Amy Dunn,11,Google Search,Fully Meets,3.49,4,0,1/30/2013,0,6
Knapp,Bradley J,1,5,3,46654,0,19,Production Technician I,MA,1721,11/10/1977,45,M,Single,US Citizen,No,Black or African American,2/17/2014,0,N/A-StillEmployed,Active,Production,Ketsia Liebig,19,LinkedIn,Fully Meets,3.1,3,0,2/6/2019,0,3
Kretschmer,John,1,5,3,63973,0,19,Production Technician I,MA,1801,2/2/1980,43,M,Married,US Citizen,No,Asian,1/10/2011,0,N/A-StillEmployed,Active,Production,Brannon Miller,12,Indeed,Fully Meets,3.38,3,0,1/21/2019,0,17
Kreuger,Freddy,1,6,3,71339,0,3,Area Sales Manager,NY,10171,2/24/1969,54,M,Single,US Citizen,Yes,Black or African American,3/7/2011,0,N/A-StillEmployed,Active,Sales,John Smith,17,Diversity Job Fair,Fully Meets,3.65,5,0,1/17/2019,0,20
Lajiri,Jyoti,3,3,3,93206,0,28,Sr. Network Engineer,MA,2169,4/23/1986,37,M,Married,US Citizen,No,White,11/10/2014,0,N/A-StillEmployed,Active,IT/IS,Peter Monroe,7,Employee Referral,Fully Meets,4.46,5,6,1/7/2019,0,7
Landa,Hans,4,5,3,82758,1,18,Production Manager,MA,1890,7/1/1972,50,M,Married,US Citizen,No,White,1/10/2011,12/12/2015,attendance,Terminated for Cause,Production,Janet King,2,Employee Referral,Fully Meets,4.78,4,0,2/15/2015,0,9
Langford,Lindsey,5,5,3,66074,1,20,Production Technician II,MA,2090,7/25/1979,43,F,Divorced,US Citizen,No,Asian,1/7/2013,3/31/2014,Another position,Voluntarily Terminated,Production,David Stanley,14,Indeed,Fully Meets,4.52,3,0,2/20/2014,0,20
Langton,Enrico,1,5,3,46120,0,19,Production Technician I,MA,2048,12/9/1986,36,M,Married,US Citizen,No,White,7/9/2012,0,N/A-StillEmployed,Active,Production,David Stanley,14,LinkedIn,Fully Meets,5,5,0,2/4/2019,0,13
LaRotonda,William,1,1,3,64520,0,1,Accountant I,MA,1460,4/26/1984,39,M,Divorced,US Citizen,No,Black or African American,1/6/2014,0,N/A-StillEmployed,Active,Admin Offices,Brandon R. LeBlanc,1,Website,Fully Meets,5,4,4,1/17/2019,0,3
Latif,Mohammed,5,5,3,61962,1,20,Production Technician II,MA,2126,5/9/1984,39,M,Married,US Citizen,No,White,4/2/2012,4/15/2013,more money,Voluntarily Terminated,Production,Kissy Sullivan,20,Google Search,Fully Meets,4.9,3,0,2/20/2013,0,20
Le,Binh,1,3,3,81584,0,22,Senior BI Developer,MA,1886,6/14/1987,35,F,Single,US Citizen,No,Asian,10/2/2016,0,N/A-StillEmployed,Active,IT/IS,Brian Champaigne,13,Indeed,Fully Meets,4.1,5,7,1/8/2019,0,2
Leach,Dallas,5,5,3,63676,1,19,Production Technician I,MA,1810,1/17/1979,44,F,Single,US Citizen,No,Asian,9/26/2011,8/19/2018,return to school,Voluntarily Terminated,Production,Kissy Sullivan,20,CareerBuilder,Fully Meets,4.88,3,0,7/2/2017,0,17
LeBlanc,Brandon R,1,1,3,93046,0,23,Shared Services Manager,MA,1460,6/10/1984,38,M,Married,US Citizen,No,White,1/5/2016,0,N/A-StillEmployed,Active,Admin Offices,Janet King,2,CareerBuilder,Fully Meets,4.1,4,0,1/28/2019,0,20
Lecter,Hannibal,1,5,3,64738,0,19,Production Technician I,MA,1776,9/2/1982,40,M,Married,US Citizen,No,Asian,5/14/2012,0,N/A-StillEmployed,Active,Production,Elijiah Gray,16,Google Search,Fully Meets,4.1,3,0,2/22/2019,0,10
Leruth,Giovanni,1,6,3,70468,0,3,Area Sales Manager,UT,84111,12/27/1988,34,M,Separated,US Citizen,No,Black or African American,4/30/2012,0,N/A-StillEmployed,Active,Sales,John Smith,17,Website,Fully Meets,4.53,3,0,1/29/2019,0,16
Liebig,Ketsia,1,5,4,77915,0,18,Production Manager,MA,2110,10/26/1981,41,F,Married,US Citizen,No,White,9/30/2013,0,N/A-StillEmployed,Active,Production,Janet King,2,Website,Exceeds,4.1,3,0,1/21/2019,0,11
Linares,Marilyn,5,5,3,52624,1,19,Production Technician I,MA,1886,3/26/1981,42,F,Married,US Citizen,No,White,7/5/2011,9/26/2018,unhappy,Voluntarily Terminated,Production,Michael Albert,22,Indeed,Fully Meets,3.18,4,0,3/2/2018,0,16
Linden,Mathew,3,5,3,63450,0,20,Production Technician II,MA,1770,3/19/1979,44,M,Married,US Citizen,No,White,7/8/2013,0,N/A-StillEmployed,Active,Production,Kelley Spirea,18,LinkedIn,Fully Meets,4,3,0,2/18/2019,0,7
Lindsay,Leonara,1,3,4,51777,0,14,IT Support,CT,6070,10/5/1988,34,F,Single,US Citizen,Yes,Black or African American,1/21/2011,0,N/A-StillEmployed,Active,IT/IS,Eric Dougall,6,Diversity Job Fair,Exceeds,4.64,4,5,1/25/2019,0,14
Lundy,Susan,5,5,3,67237,1,20,Production Technician II,MA,2122,12/26/1976,46,F,Widowed,US Citizen,No,White,7/8/2013,9/15/2016,more money,Voluntarily Terminated,Production,Michael Albert,22,LinkedIn,Fully Meets,4.65,4,0,6/10/2016,0,15
Lunquist,Lisa,1,5,4,73330,0,20,Production Technician II,MA,2324,3/28/1982,41,F,Single,US Citizen,No,Black or African American,8/19/2013,0,N/A-StillEmployed,Active,Production,Elijiah Gray,16,Indeed,Exceeds,4.2,4,0,2/12/2019,0,19
Lydon,Allison,3,5,3,52057,0,19,Production Technician I,MA,2122,10/22/1975,47,F,Married,US Citizen,No,Black or African American,2/16/2015,0,N/A-StillEmployed,Active,Production,Elijiah Gray,16,Website,Fully Meets,5,3,0,1/23/2019,0,6
Lynch,Lindsay,5,5,4,47434,1,19,Production Technician I,MA,1844,2/14/1973,50,F,Single,US Citizen,Yes,Black or African American,11/7/2011,11/14/2015,Another position,Voluntarily Terminated,Production,Webster Butler,39,Diversity Job Fair,Exceeds,5,4,0,2/2/2015,0,17
MacLennan,Samuel,5,5,3,52788,1,19,Production Technician I,MA,1938,11/9/1972,50,M,Widowed,US Citizen,No,White,9/24/2012,9/26/2017,hours,Voluntarily Terminated,Production,Amy Dunn,11,Indeed,Fully Meets,3.08,4,0,4/1/2017,0,18
Mahoney,Lauren,1,5,3,45395,0,19,Production Technician I,MA,2189,7/7/1986,36,F,Single,US Citizen,No,White,1/6/2014,0,N/A-StillEmployed,Active,Production,Ketsia Liebig,19,LinkedIn,Fully Meets,4.6,4,0,2/26/2019,0,14
Manchester,Robyn,2,5,3,62385,0,20,Production Technician II,MA,2324,8/25/1976,46,F,Married,US Citizen,No,White,5/11/2016,0,N/A-StillEmployed,Active,Production,Webster Butler,39,LinkedIn,Fully Meets,5,3,0,1/21/2019,0,4
Mancuso,Karen,5,5,3,68407,1,20,Production Technician II,MA,2176,12/10/1986,36,F,Married,US Citizen,No,Two or more races,7/5/2011,8/19/2012,Another position,Voluntarily Terminated,Production,Amy Dunn,11,LinkedIn,Fully Meets,5,4,0,7/2/2012,0,16
Mangal,Debbie,1,5,3,61349,0,19,Production Technician I,MA,2451,11/7/1974,48,F,Married,US Citizen,No,White,11/11/2013,0,N/A-StillEmployed,Active,Production,Brannon Miller,12,LinkedIn,Fully Meets,4.1,3,0,1/22/2019,0,11
Martin,Sandra,1,4,3,105688,0,24,Software Engineer,MA,2135,11/7/1987,35,F,Single,US Citizen,No,Asian,11/11/2013,0,N/A-StillEmployed,Active,Software Engineering,Alex Sweetwater,10,Google Search,Fully Meets,4.5,5,4,1/14/2019,0,14
Maurice,Shana,1,5,3,54132,0,19,Production Technician I,MA,2330,11/22/1977,45,F,Married,US Citizen,No,White,5/31/2011,0,N/A-StillEmployed,Active,Production,David Stanley,14,Indeed,Fully Meets,5,4,0,1/10/2019,0,8
Carthy,B'rigit,1,5,3,55315,0,20,Production Technician II,MA,2149,5/21/1987,35,F,Single,US Citizen,No,Black or African American,3/30/2015,0,N/A-StillEmployed,Active,Production,Ketsia Liebig,19,LinkedIn,Fully Meets,5,5,0,2/7/2019,0,16
Mckenna,Sandy,1,5,3,62810,0,19,Production Technician I,MA,2184,1/7/1987,36,F,Married,US Citizen,No,Black or African American,1/7/2013,0,N/A-StillEmployed,Active,Production,Kissy Sullivan,20,CareerBuilder,Fully Meets,3.93,3,0,1/30/2019,0,20
McKinzie,Jac,2,6,3,63291,0,3,Area Sales Manager,TX,78789,7/1/1984,38,M,Married,US Citizen,No,Two or more races,7/6/2016,0,N/A-StillEmployed,Active,Sales,Lynn Daneault,21,Website,Fully Meets,3.4,4,0,1/29/2019,0,7
Meads,Elizabeth,5,5,3,62659,1,19,Production Technician I,MA,1760,5/30/1968,54,F,Single,US Citizen,No,Black or African American,4/2/2012,11/11/2016,Another position,Voluntarily Terminated,Production,Kelley Spirea,18,Diversity Job Fair,Fully Meets,4.18,4,0,2/5/2016,0,17
Medeiros,Jennifer,1,5,3,55688,0,19,Production Technician I,MA,2346,9/22/1976,46,F,Single,US Citizen,No,White,3/30/2015,0,N/A-StillEmployed,Active,Production,Michael Albert,22,CareerBuilder,Fully Meets,5,4,0,1/21/2019,0,10
Miller,Brannon,1,5,3,83667,0,18,Production Manager,MA,2045,8/10/1981,41,M,Single,US Citizen,yes,Hispanic,8/16/2012,0,N/A-StillEmployed,Active,Production,Janet King,2,Indeed,Fully Meets,4.37,3,0,1/14/2019,0,2
Miller,Ned,5,5,1,55800,1,20,Production Technician II,MA,2472,6/29/1985,37,M,Single,US Citizen,No,White,8/15/2011,9/4/2014,unhappy,Voluntarily Terminated,Production,Brannon Miller,12,LinkedIn,PIP,3,2,0,1/14/2013,6,6
Monkfish,Erasumus,1,5,3,58207,0,20,Production Technician II,MA,1450,8/17/1992,30,M,Married,US Citizen,No,White,11/7/2011,0,N/A-StillEmployed,Active,Production,David Stanley,14,LinkedIn,Fully Meets,3.7,3,0,1/8/2019,0,14
Monroe,Peter,1,3,2,157000,0,13,IT Manager - Infra,MA,2134,10/5/1986,36,M,Married,Eligible NonCitizen,Yes,Black or African American,2/15/2012,0,N/A-StillEmployed,Active,IT/IS,Jennifer Zamora,5,Diversity Job Fair,Needs Improvement,2.39,3,6,2/22/2019,4,13
Monterro,Luisa,1,5,4,72460,0,20,Production Technician II,MA,2126,4/24/1970,53,F,Single,US Citizen,No,Black or African American,5/13/2013,0,N/A-StillEmployed,Active,Production,Kissy Sullivan,20,Indeed,Exceeds,4.7,3,0,1/14/2019,0,1
Moran,Patrick,3,5,3,72106,0,20,Production Technician II,MA,2127,12/3/1976,46,M,Single,US Citizen,No,Black or African American,1/9/2012,0,N/A-StillEmployed,Active,Production,Kelley Spirea,18,Diversity Job Fair,Fully Meets,4.1,4,0,1/31/2019,0,12
Morway,Tanya,1,3,3,52599,0,15,Network Engineer,MA,2048,4/4/1979,44,F,Married,US Citizen,No,White,2/16/2015,0,N/A-StillEmployed,Active,IT/IS,Peter Monroe,7,CareerBuilder,Fully Meets,3.81,3,6,2/11/2019,0,6
Motlagh,Dawn,1,5,3,63430,0,19,Production Technician I,MA,2453,7/7/1984,38,F,Divorced,US Citizen,No,White,4/1/2013,0,N/A-StillEmployed,Active,Production,Elijiah Gray,16,LinkedIn,Fully Meets,4.4,4,0,1/17/2019,0,18
Moumanil,Maliki,1,5,3,74417,0,20,Production Technician II,MA,1460,12/1/1974,48,M,Separated,US Citizen,No,Black or African American,5/13/2013,0,N/A-StillEmployed,Active,Production,Michael Albert,22,LinkedIn,Fully Meets,4.29,5,0,1/28/2019,0,11
Myers,Michael,1,5,3,57575,0,19,Production Technician I,MA,1550,4/18/1980,43,M,Single,US Citizen,No,Asian,7/8/2013,0,N/A-StillEmployed,Active,Production,Kissy Sullivan,20,LinkedIn,Fully Meets,4.1,4,0,1/22/2019,0,13
Navathe,Kurt,1,3,3,87921,0,22,Senior BI Developer,MA,2056,4/25/1970,53,M,Single,US Citizen,No,Asian,2/10/2017,0,N/A-StillEmployed,Active,IT/IS,Brian Champaigne,13,Indeed,Fully Meets,5,3,6,2/25/2019,0,17
Ndzi,Colombui,5,5,3,50470,1,19,Production Technician I,MA,2110,5/2/1989,34,M,Single,US Citizen,No,Black or African American,9/26/2011,4/4/2014,return to school,Voluntarily Terminated,Production,Webster Butler,39,Diversity Job Fair,Fully Meets,4.3,3,0,3/2/2013,0,19
Ndzi,Horia,5,5,3,46664,1,19,Production Technician I,MA,2421,3/28/1983,40,M,Married,US Citizen,No,White,4/1/2013,5/25/2016,more money,Voluntarily Terminated,Production,Amy Dunn,11,Employee Referral,Fully Meets,3.18,3,0,3/6/2016,0,10
Newman,Richard,3,5,3,48495,0,19,Production Technician I,MA,2136,4/8/1977,46,M,Married,US Citizen,No,White,5/12/2014,0,N/A-StillEmployed,Active,Production,Ketsia Liebig,19,LinkedIn,Fully Meets,5,5,0,2/18/2019,0,11
Ngodup,Shari,1,5,4,52984,0,19,Production Technician I,MA,1810,6/3/1967,55,F,Separated,US Citizen,No,Black or African American,4/1/2013,0,N/A-StillEmployed,Active,Production,Brannon Miller,12,Diversity Job Fair,Exceeds,4,3,0,2/13/2019,0,12
Nguyen,Dheepa,1,6,3,63695,0,3,Area Sales Manager,GA,30428,3/31/1989,34,F,Single,US Citizen,No,Two or more races,7/8/2013,0,N/A-StillEmployed,Active,Sales,Lynn Daneault,21,Indeed,Fully Meets,5,5,0,1/25/2019,0,2
Nguyen,Lei-Ming,1,5,3,62061,0,19,Production Technician I,MA,2132,7/7/1984,38,F,Single,US Citizen,No,White,7/8/2013,0,N/A-StillEmployed,Active,Production,David Stanley,14,LinkedIn,Fully Meets,3.6,5,0,1/2/2019,0,4
Nowlan,Kristie,1,5,3,66738,0,20,Production Technician II,MA,1040,11/23/1985,37,F,Single,US Citizen,No,White,11/10/2014,0,N/A-StillEmployed,Active,Production,Elijiah Gray,16,Indeed,Fully Meets,4.53,5,0,1/16/2019,0,5
O'hare,Lynn,4,5,1,52674,1,19,Production Technician I,MA,2152,9/30/1980,42,F,Single,US Citizen,No,Two or more races,3/31/2014,5/1/2018,performance,Terminated for Cause,Production,Kissy Sullivan,20,LinkedIn,PIP,2.33,2,0,3/9/2018,6,3
Oliver,Brooke,5,5,3,71966,1,20,Production Technician II,MA,2492,2/11/1952,71,F,Married,US Citizen,No,Asian,5/14/2012,8/19/2013,unhappy,Voluntarily Terminated,Production,Webster Butler,39,LinkedIn,Fully Meets,5,3,0,7/2/2013,0,17
Onque,Jasmine,1,6,3,63051,0,3,Area Sales Manager,FL,33174,5/11/1990,33,F,Single,US Citizen,Yes,White,9/30/2013,0,N/A-StillEmployed,Active,Sales,Lynn Daneault,21,Indeed,Fully Meets,4.28,3,0,1/25/2019,0,1
Osturnka,Adeel,1,5,4,47414,0,19,Production Technician I,MA,2478,12/11/1976,46,M,Married,US Citizen,No,White,9/30/2013,0,N/A-StillEmployed,Active,Production,Kelley Spirea,18,LinkedIn,Exceeds,5,3,0,2/7/2019,0,13
Owad,Clinton,1,5,2,53060,0,19,Production Technician I,MA,1760,11/24/1979,43,M,Single,US Citizen,No,Black or African American,2/17/2014,0,N/A-StillEmployed,Active,Production,Michael Albert,22,LinkedIn,Needs Improvement,4.25,3,0,2/4/2019,4,6
Ozark,Travis,1,6,3,68829,0,3,Area Sales Manager,NC,27229,5/19/1982,40,M,Single,US Citizen,No,White,1/5/2015,0,N/A-StillEmployed,Active,Sales,John Smith,17,Website,Fully Meets,5,5,0,1/14/2019,0,18
Panjwani,Nina,5,5,3,63515,1,19,Production Technician I,MA,2351,5/1/1979,44,F,Married,US Citizen,No,White,2/7/2011,1/12/2014,Another position,Voluntarily Terminated,Production,Elijiah Gray,16,Google Search,Fully Meets,3.89,4,0,3/4/2013,0,7
Patronick,Lucas,5,4,4,108987,1,24,Software Engineer,MA,1844,2/20/1979,44,M,Single,US Citizen,No,Black or African American,11/7/2011,9/7/2015,Another position,Voluntarily Terminated,Software Engineering,Alex Sweetwater,10,Diversity Job Fair,Exceeds,5,5,3,8/16/2015,0,13
Pearson,Randall,5,3,3,93093,1,9,Data Analyst,MA,2747,9/5/1984,38,M,Married,US Citizen,No,White,12/1/2014,5/1/2016,performance,Voluntarily Terminated,IT/IS,Simon Roup,4,Employee Referral,Fully Meets,4.7,4,5,1/16/2016,0,19
Smith,Martin,5,5,2,53564,1,19,Production Technician I,MA,2458,3/17/1988,35,M,Single,US Citizen,No,Black or African American,1/10/2011,12/28/2017,career change,Voluntarily Terminated,Production,Webster Butler,39,Google Search,Needs Improvement,3.54,5,0,4/6/2017,4,15
Pelletier,Ermine,5,5,2,60270,1,20,Production Technician II,MA,2472,7/18/1989,33,F,Married,US Citizen,No,Asian,7/5/2011,9/15/2015,unhappy,Voluntarily Terminated,Production,Amy Dunn,11,CareerBuilder,Needs Improvement,2.4,5,0,2/6/2015,5,2
Perry,Shakira,5,5,3,45998,1,19,Production Technician I,MA,2176,7/20/1986,36,F,Single,US Citizen,No,White,5/16/2011,10/25/2015,medical issues,Voluntarily Terminated,Production,Amy Dunn,11,LinkedIn,Fully Meets,3.45,4,0,5/13/2014,0,5
Peters,Lauren,5,5,4,57954,1,20,Production Technician II,MA,1886,8/17/1986,36,F,Married,US Citizen,No,White,5/16/2011,2/4/2013,more money,Voluntarily Terminated,Production,Ketsia Liebig,19,Indeed,Exceeds,4.2,5,0,1/10/2013,0,12
Peterson,Ebonee,5,5,3,74669,1,18,Production Manager,MA,2030,5/9/1977,46,F,Married,US Citizen,No,White,10/25/2010,5/18/2016,Another position,Voluntarily Terminated,Production,Janet King,2,Indeed,Fully Meets,4.16,5,0,3/5/2015,0,6
Petingill,Shana,1,5,3,74226,0,20,Production Technician II,MA,2050,3/10/1979,44,F,Married,Eligible NonCitizen,No,Asian,4/2/2012,0,N/A-StillEmployed,Active,Production,Brannon Miller,12,LinkedIn,Fully Meets,4.3,3,0,1/14/2019,0,14
Petrowsky,Thelma,1,3,4,93554,0,9,Data Analyst,MA,1886,9/16/1984,38,F,Married,US Citizen,No,Black or African American,11/10/2014,0,N/A-StillEmployed,Active,IT/IS,Simon Roup,4,Employee Referral,Exceeds,4.6,5,7,1/4/2019,0,16
Pham,Hong,5,5,3,64724,1,19,Production Technician I,MA,2451,3/6/1988,35,M,Married,US Citizen,No,Asian,7/5/2011,11/30/2012,more money,Voluntarily Terminated,Production,Brannon Miller,12,Google Search,Fully Meets,5,3,0,2/20/2012,0,13
Pitt,Brad,1,5,3,47001,0,19,Production Technician I,MA,2451,11/23/1981,41,M,Single,US Citizen,No,White,11/5/2007,0,N/A-StillEmployed,Active,Production,David Stanley,14,Google Search,Fully Meets,3.66,3,0,2/25/2019,0,15
Potts,Xana,1,6,3,61844,0,3,Area Sales Manager,KY,40220,8/29/1988,34,F,Married,US Citizen,No,Black or African American,1/9/2012,0,N/A-StillEmployed,Active,Sales,Lynn Daneault,21,Website,Fully Meets,4.2,5,0,2/1/2019,0,9
Power,Morissa,5,5,3,46799,1,19,Production Technician I,MA,1742,10/15/1984,38,F,Divorced,Eligible NonCitizen,No,Asian,5/16/2011,6/4/2018,Another position,Voluntarily Terminated,Production,Kissy Sullivan,20,Google Search,Fully Meets,3.17,4,0,4/2/2018,0,14
Punjabhi,Louis,1,5,3,59472,0,19,Production Technician I,MA,2109,6/19/1961,61,M,Single,US Citizen,No,White,1/6/2014,0,N/A-StillEmployed,Active,Production,Kelley Spirea,18,Employee Referral,Fully Meets,4.8,3,0,1/7/2019,0,14
Purinton,Janine,5,5,3,46430,1,19,Production Technician I,MA,2474,9/22/1970,52,F,Divorced,US Citizen,No,White,9/24/2012,6/18/2013,unhappy,Voluntarily Terminated,Production,Kissy Sullivan,20,Indeed,Fully Meets,4.5,5,0,4/2/2013,0,16
Quinn,Sean,5,1,3,83363,1,23,Software Engineer,MA,2045,11/6/1984,38,M,Married,Eligible NonCitizen,No,Black or African American,2/21/2011,8/15/2015,career change,Voluntarily Terminated,Software Engineering,Janet King,2,Diversity Job Fair,Fully Meets,4.15,4,0,4/19/2014,0,4
Rachael,Maggie,1,3,3,95920,0,4,BI Developer,MA,2110,5/12/1980,43,F,Married,US Citizen,No,Black or African American,10/2/2016,0,N/A-StillEmployed,Active,IT/IS,Brian Champaigne,13,Indeed,Fully Meets,4.4,4,6,2/6/2019,0,10
Rarrick,Quinn,5,5,3,61729,1,19,Production Technician I,MA,2478,12/31/1984,38,M,Divorced,US Citizen,No,White,9/26/2011,4/7/2018,more money,Voluntarily Terminated,Production,Michael Albert,22,Indeed,Fully Meets,3.8,5,0,2/4/2018,0,19
Ren,Kylo,1,6,3,61809,0,3,Area Sales Manager,ID,83706,10/12/1954,68,M,Married,US Citizen,No,White,5/12/2014,0,N/A-StillEmployed,Active,Sales,John Smith,17,CareerBuilder,Fully Meets,3.98,3,0,1/28/2019,0,4
Rhoads,Thomas,5,5,3,45115,1,19,Production Technician I,MA,2176,7/22/1982,40,M,Divorced,US Citizen,Yes,White,5/16/2011,1/15/2016,retiring,Voluntarily Terminated,Production,Elijiah Gray,16,LinkedIn,Fully Meets,5,4,0,3/30/2015,0,11
Rivera,Haley,1,5,4,46738,0,19,Production Technician I,MA,2171,1/12/1973,50,F,Married,US Citizen,No,Asian,11/28/2011,0,N/A-StillEmployed,Active,Production,Webster Butler,39,Google Search,Exceeds,4.36,5,0,2/11/2019,0,16
Roberson,May,5,5,3,64971,1,20,Production Technician II,MA,1902,9/5/1981,41,F,Divorced,Eligible NonCitizen,No,Black or African American,9/26/2011,10/22/2011,return to school,Voluntarily Terminated,Production,David Stanley,14,Google Search,Fully Meets,4.5,4,0,10/22/2011,0,10
Robertson,Peter,5,5,3,55578,1,20,Production Technician II,MA,2138,7/3/1972,50,M,Married,US Citizen,No,White,7/5/2011,2/8/2012,Another position,Voluntarily Terminated,Production,Kissy Sullivan,20,Indeed,Fully Meets,4.2,5,0,1/6/2012,0,13
Robinson,Alain,5,5,3,50428,1,19,Production Technician I,MA,1420,1/7/1974,49,M,Married,US Citizen,No,Black or African American,1/10/2011,1/26/2016,attendance,Voluntarily Terminated,Production,Amy Dunn,11,Indeed,Fully Meets,5,3,0,1/10/2015,0,11
Robinson,Cherly,4,5,2,61422,1,19,Production Technician I,MA,1460,1/7/1985,38,F,Married,US Citizen,No,White,1/10/2011,5/17/2016,attendance,Terminated for Cause,Production,Ketsia Liebig,19,Indeed,Needs Improvement,3.6,3,0,4/5/2016,4,16
Robinson,Elias,1,5,4,63353,0,19,Production Technician I,MA,1730,1/28/1985,38,M,Widowed,US Citizen,No,White,7/8/2013,0,N/A-StillEmployed,Active,Production,Brannon Miller,12,Employee Referral,Exceeds,3.6,5,0,2/11/2019,0,4
Roby,Lori,1,3,3,89883,0,9,Data Analyst,MA,1886,10/11/1981,41,F,Married,US Citizen,No,White,2/16/2015,0,N/A-StillEmployed,Active,IT/IS,Simon Roup,4,Employee Referral,Fully Meets,3.69,5,6,2/14/2019,0,15
Roehrich,Bianca,5,3,3,120000,1,29,Principal Data Architect,MA,2703,5/27/1973,49,F,Single,US Citizen,Yes,White,1/5/2015,11/10/2018,Another position,Voluntarily Terminated,IT/IS,Simon Roup,4,LinkedIn,Fully Meets,3.88,3,7,2/13/2018,0,12
Roper,Katie,1,3,3,150290,0,7,Data Architect,MA,2056,11/21/1972,50,F,Single,US Citizen,No,Black or African American,1/7/2017,0,N/A-StillEmployed,Active,IT/IS,Brian Champaigne,13,Indeed,Fully Meets,4.94,3,5,2/6/2019,0,17
Rose,Ashley,1,5,3,60627,0,19,Production Technician I,MA,1886,12/5/1974,48,F,Separated,US Citizen,No,White,1/6/2014,0,N/A-StillEmployed,Active,Production,David Stanley,14,Website,Fully Meets,5,4,0,1/31/2019,0,8
Rossetti,Bruno,5,5,3,53180,1,19,Production Technician I,MA,2155,3/18/1987,36,M,Single,US Citizen,No,White,4/4/2011,8/13/2018,Another position,Voluntarily Terminated,Production,Kissy Sullivan,20,Google Search,Fully Meets,5,5,0,7/2/2018,0,4
Roup,Simon,1,3,3,140920,0,13,IT Manager - DB,MA,2481,4/5/1973,50,M,Single,US Citizen,No,White,1/20/2013,0,N/A-StillEmployed,Active,IT/IS,Jennifer Zamora,5,Indeed,Fully Meets,3.6,5,7,2/18/2019,0,13
Ruiz,Ricardo,5,3,3,148999,1,13,IT Manager - DB,MA,1915,1/4/1964,59,M,Divorced,US Citizen,No,Black or African American,1/9/2012,11/4/2015,hours,Voluntarily Terminated,IT/IS,Jennifer Zamora,5,Diversity Job Fair,Fully Meets,4.3,4,6,1/4/2015,0,8
Saada,Adell,1,4,3,86214,0,24,Software Engineer,MA,2132,7/24/1986,36,F,Married,US Citizen,No,White,11/5/2012,0,N/A-StillEmployed,Active,Software Engineering,Alex Sweetwater,10,Indeed,Fully Meets,4.2,3,6,2/13/2019,0,2
Saar-Beckles,Melinda,2,5,2,47750,0,19,Production Technician I,MA,1801,6/6/1968,54,F,Single,US Citizen,No,Black or African American,7/4/2016,0,N/A-StillEmployed,Active,Production,Kelley Spirea,18,Diversity Job Fair,Needs Improvement,2.6,4,0,2/18/2019,5,4
Sadki,Nore,5,5,3,46428,1,19,Production Technician I,MA,2148,12/21/1974,48,M,Single,US Citizen,No,White,1/5/2009,7/30/2018,relocation out of area,Voluntarily Terminated,Production,Michael Albert,22,Google Search,Fully Meets,4.6,5,0,2/5/2018,0,7
Sahoo,Adil,1,5,3,57975,0,20,Production Technician II,MA,2062,4/26/1986,37,M,Married,US Citizen,No,White,8/30/2010,0,N/A-StillEmployed,Active,Production,Kelley Spirea,18,CareerBuilder,Fully Meets,4.1,3,0,1/10/2019,0,13
Salter,Jason,5,3,3,88527,1,9,Data Analyst ,MA,2452,12/17/1987,35,M,Divorced,US Citizen,No,Black or African American,1/5/2015,10/31/2015,hours,Voluntarily Terminated,IT/IS,Simon Roup,4,LinkedIn,Fully Meets,4.2,3,5,4/20/2015,0,2
Sander,Kamrin,1,5,3,56147,0,19,Production Technician I,MA,2154,7/10/1988,34,F,Married,US Citizen,No,Black or African American,9/29/2014,0,N/A-StillEmployed,Active,Production,Elijiah Gray,16,LinkedIn,Fully Meets,3.51,3,0,2/18/2019,0,2
Sewkumar,Nori,3,5,3,50923,0,19,Production Technician I,MA,2191,3/10/1975,48,F,Single,US Citizen,No,Asian,9/30/2013,0,N/A-StillEmployed,Active,Production,Webster Butler,39,Google Search,Fully Meets,5,5,0,2/6/2019,0,14
Shepard,Anita,1,3,3,50750,0,15,Network Engineer,MA,1773,4/14/1981,42,F,Married,US Citizen,No,White,9/30/2014,0,N/A-StillEmployed,Active,IT/IS,Peter Monroe,7,LinkedIn,Fully Meets,3.31,3,6,1/7/2019,0,7
Shields,Seffi,1,5,3,52087,0,19,Production Technician I,MA,2149,8/24/1985,37,F,Married,US Citizen,No,White,8/19/2013,0,N/A-StillEmployed,Active,Production,Amy Dunn,11,LinkedIn,Fully Meets,4.81,4,0,2/15/2019,0,15
Simard,Kramer,1,3,3,87826,0,9,Data Analyst,MA,2110,2/8/1970,53,M,Married,US Citizen,Yes,White,1/5/2015,0,N/A-StillEmployed,Active,IT/IS,Simon Roup,4,Employee Referral,Fully Meets,3.32,3,7,1/14/2019,0,16
Singh,Nan,1,1,3,51920,0,2,Administrative Assistant,MA,2330,5/19/1988,34,F,Single,US Citizen,No,White,5/1/2015,0,N/A-StillEmployed,Active,Admin Offices,Brandon R. LeBlanc,1,Website,Fully Meets,5,3,5,1/15/2019,0,2
Sloan,Constance,5,5,3,63878,1,20,Production Technician II,MA,1851,11/25/1987,35,F,Single,US Citizen,No,White,10/26/2009,4/8/2015,maternity leave - did not return,Voluntarily Terminated,Production,Michael Albert,22,CareerBuilder,Fully Meets,4.68,4,0,4/2/2015,0,20
Smith,Joe,1,5,4,60656,0,20,Production Technician II,MA,2045,10/30/1963,59,M,Single,US Citizen,No,White,9/29/2014,0,N/A-StillEmployed,Active,Production,Elijiah Gray,16,Indeed,Exceeds,4.3,3,0,1/28/2019,0,4
Smith,John,1,6,2,72992,0,21,Sales Manager,MA,1886,8/16/1984,38,M,Divorced,US Citizen,No,Black or African American,5/18/2014,0,N/A-StillEmployed,Active,Sales,Debra Houlihan,15,Diversity Job Fair,Needs Improvement,2.4,4,0,1/16/2019,2,16
Smith,Leigh Ann,5,1,3,55000,1,2,Administrative Assistant,MA,1844,6/14/1987,35,F,Married,US Citizen,No,Black or African American,9/26/2011,9/25/2013,career change,Voluntarily Terminated,Admin Offices,Brandon R. LeBlanc,1,Diversity Job Fair,Fully Meets,3.8,4,4,8/15/2013,0,17
Smith,Sade,1,5,3,58939,0,19,Production Technician I,MA,2130,2/2/1965,58,F,Single,US Citizen,No,White,11/11/2013,0,N/A-StillEmployed,Active,Production,Ketsia Liebig,19,Employee Referral,Fully Meets,3.73,3,0,1/24/2019,0,16
Soto,Julia,1,3,3,66593,0,14,IT Support,MA,2360,3/12/1973,50,F,Married,US Citizen,No,Black or African American,6/10/2011,0,N/A-StillEmployed,Active,IT/IS,Eric Dougall,6,LinkedIn,Fully Meets,4.3,3,5,2/8/2019,0,19
Soze,Keyser,2,3,3,87565,0,28,Sr. Network Engineer,MA,1545,2/9/1983,40,M,Married,US Citizen,No,Asian,6/30/2016,0,N/A-StillEmployed,Active,IT/IS,Peter Monroe,7,LinkedIn,Fully Meets,3.27,4,5,1/14/2019,0,13
Sparks,Taylor,1,5,1,64021,0,19,Production Technician I,MA,2093,7/20/1968,54,F,Married,US Citizen,No,White,2/20/2012,0,N/A-StillEmployed,Active,Production,Brannon Miller,12,Indeed,PIP,2.4,2,1,2/25/2019,6,20
Spirea,Kelley,1,5,3,65714,0,18,Production Manager,MA,2451,9/30/1975,47,F,Married,US Citizen,No,White,10/2/2012,0,N/A-StillEmployed,Active,Production,Janet King,2,LinkedIn,Fully Meets,4.83,5,0,2/14/2019,0,15
Squatrito,Kristen,5,5,4,62425,1,19,Production Technician I,MA,2359,3/26/1973,50,F,Divorced,US Citizen,No,White,5/13/2013,6/29/2015,unhappy,Voluntarily Terminated,Production,David Stanley,14,LinkedIn,Exceeds,4.1,4,0,3/2/2015,0,16
Stanford,Barbara M,1,5,3,47961,0,19,Production Technician I,MA,2050,8/25/1982,40,F,Divorced,US Citizen,No,Two or more races,1/10/2011,0,N/A-StillEmployed,Active,Production,Kissy Sullivan,20,Google Search,Fully Meets,4.1,4,0,2/7/2019,0,9
Stansfield,Norman,1,6,1,58273,0,3,Area Sales Manager,NV,89139,5/9/1974,49,M,Married,US Citizen,No,White,5/12/2014,0,N/A-StillEmployed,Active,Sales,Lynn Daneault,21,Website,PIP,1.81,2,0,1/17/2019,3,5
Steans,Tyrone,1,1,3,63003,0,1,Accountant I,MA,2703,9/1/1986,36,M,Single,US Citizen,No,White,9/29/2014,0,N/A-StillEmployed,Active,Admin Offices,Brandon R. LeBlanc,1,Indeed,Fully Meets,3.9,5,5,1/18/2019,0,9
Stoica,Rick,1,5,3,61355,0,19,Production Technician I,MA,2301,3/14/1985,38,M,Married,US Citizen,No,Asian,2/17/2014,0,N/A-StillEmployed,Active,Production,Kelley Spirea,18,LinkedIn,Fully Meets,4.7,3,0,1/11/2019,0,4
Strong,Caitrin,1,6,3,60120,0,3,Area Sales Manager,MT,59102,5/12/1989,34,F,Married,US Citizen,No,Black or African American,9/27/2010,0,N/A-StillEmployed,Active,Sales,John Smith,17,Indeed,Fully Meets,4.1,4,0,1/31/2019,0,18
Sullivan,Kissy,1,5,3,63682,0,18,Production Manager,MA,1776,3/28/1978,45,F,Married,US Citizen,No,Black or African American,1/8/2009,0,N/A-StillEmployed,Active,Production,Janet King,2,Indeed,Fully Meets,3.73,4,0,1/24/2019,0,12
Sullivan,Timothy,1,5,3,63025,0,19,Production Technician I,MA,2747,10/7/1982,40,M,Married,US Citizen,Yes,White,1/5/2015,0,N/A-StillEmployed,Active,Production,Michael Albert,22,Google Search,Fully Meets,4.36,5,0,1/24/2019,0,10
Sutwell,Barbara,1,5,3,59238,0,19,Production Technician I,MA,2718,8/15/1968,54,F,Single,Eligible NonCitizen,No,Asian,5/14/2012,0,N/A-StillEmployed,Active,Production,Elijiah Gray,16,Indeed,Fully Meets,3.4,5,0,1/31/2019,0,13
Szabo,Andrew,1,4,4,92989,0,24,Software Engineer,MA,2140,5/6/1983,40,M,Single,US Citizen,No,White,7/7/2014,0,N/A-StillEmployed,Active,Software Engineering,Alex Sweetwater,10,LinkedIn,Exceeds,4.5,5,5,2/18/2019,0,1
Tannen,Biff,1,3,3,90100,0,4,BI Developer,MA,2134,10/24/1987,35,M,Married,US Citizen,No,White,4/20/2017,0,N/A-StillEmployed,Active,IT/IS,Brian Champaigne,13,Indeed,Fully Meets,3.4,3,6,1/2/2019,0,14
Tavares,Desiree,5,5,3,60754,1,19,Production Technician I,MA,1801,4/3/1975,48,F,Married,Non-Citizen,No,Black or African American,4/27/2009,4/1/2013,Another position,Voluntarily Terminated,Production,Webster Butler,39,Diversity Job Fair,Fully Meets,4.5,5,0,2/15/2012,0,11
Tejeda,Lenora,5,5,3,72202,1,20,Production Technician II,MA,2129,5/24/1953,69,F,Married,US Citizen,No,White,5/16/2011,7/8/2017,Another position,Voluntarily Terminated,Production,Elijiah Gray,16,Google Search,Fully Meets,3.93,3,0,4/18/2017,0,3
Terry,Sharlene,1,6,3,58370,0,3,Area Sales Manager,OR,97756,5/7/1965,58,F,Single,US Citizen,No,Black or African American,9/29/2014,0,N/A-StillEmployed,Active,Sales,Lynn Daneault,21,Indeed,Fully Meets,3.69,3,0,1/28/2019,0,18
Theamstern,Sophia,5,5,3,48413,1,19,Production Technician I,MA,2066,5/9/1965,58,F,Single,US Citizen,No,White,7/5/2011,9/5/2016,return to school,Voluntarily Terminated,Production,Amy Dunn,11,Indeed,Fully Meets,3.98,4,0,3/2/2016,0,1
Thibaud,Kenneth,5,5,3,67176,1,20,Production Technician II,MA,2472,9/16/1975,47,M,Widowed,US Citizen,No,White,6/25/2007,8/30/2010,military,Voluntarily Terminated,Production,Webster Butler,39,Other,Fully Meets,4.1,4,0,7/14/2010,0,15
Tippett,Jeanette,1,5,3,56339,0,19,Production Technician I,MA,2093,6/5/1967,55,F,Divorced,US Citizen,No,Black or African American,2/18/2013,0,N/A-StillEmployed,Active,Production,Brannon Miller,12,Indeed,Fully Meets,4.21,5,0,1/14/2019,0,4
Torrence,Jack,1,6,4,64397,0,3,Area Sales Manager,ND,58782,1/15/1968,55,M,Separated,US Citizen,No,White,1/9/2006,0,N/A-StillEmployed,Active,Sales,Lynn Daneault,21,Indeed,Exceeds,4.1,3,0,1/4/2019,0,6
Trang,Mei,1,5,2,63025,0,19,Production Technician I,MA,2021,5/16/1983,39,F,Single,US Citizen,No,White,2/17/2014,0,N/A-StillEmployed,Active,Production,David Stanley,14,LinkedIn,Needs Improvement,2.44,5,0,2/11/2019,4,18
Tredinnick,Neville,5,3,3,75281,1,15,Network Engineer,MA,1420,5/5/1988,35,M,Married,US Citizen,No,White,1/5/2015,2/12/2016,medical issues,Voluntarily Terminated,IT/IS,Peter Monroe,7,CareerBuilder,Fully Meets,5,3,5,4/15/2015,0,11
TRUE,Edward,5,4,3,100416,1,24,Software Engineer,MA,2451,6/14/1983,39,M,Single,Non-Citizen,No,Black or African American,2/18/2013,4/15/2018,medical issues,Voluntarily Terminated,Software Engineering,Alex Sweetwater,10,Diversity Job Fair,Fully Meets,4.6,3,4,2/12/2017,0,9
Trzeciak,Cybil,5,5,3,74813,1,20,Production Technician II,MA,1778,3/15/1985,38,F,Single,US Citizen,No,White,1/10/2011,7/2/2014,unhappy,Voluntarily Terminated,Production,Amy Dunn,11,LinkedIn,Fully Meets,4.4,3,0,1/5/2014,0,5
Turpin,Jumil,1,3,3,76029,0,15,Network Engineer,MA,2343,3/31/1969,54,M,Married,Eligible NonCitizen,No,White,3/30/2015,0,N/A-StillEmployed,Active,IT/IS,Peter Monroe,7,Employee Referral,Fully Meets,5,4,7,1/14/2019,0,8
Valentin,Jackie,1,6,3,57859,0,3,Area Sales Manager,AZ,85006,5/23/1991,31,F,Married,US Citizen,No,Two or more races,7/5/2011,0,N/A-StillEmployed,Active,Sales,John Smith,17,Indeed,Fully Meets,2.81,3,0,1/17/2019,0,16
Veera,Abdellah,5,5,4,58523,1,19,Production Technician I,MA,2171,1/31/1987,36,M,Divorced,US Citizen,No,White,8/13/2012,2/5/2016,maternity leave - did not return,Voluntarily Terminated,Production,Kissy Sullivan,20,LinkedIn,Exceeds,4.5,5,0,2/1/2016,0,15
Vega,Vincent,1,5,3,88976,0,17,Production Manager,MA,2169,10/10/1968,54,M,Divorced,US Citizen,No,White,8/1/2011,0,N/A-StillEmployed,Active,Production,Janet King,2,Employee Referral,Fully Meets,3.93,3,0,2/27/2019,0,19
Villanueva,Noah,1,6,3,55875,0,3,Area Sales Manager,ME,4063,7/11/1989,33,M,Single,US Citizen,No,Asian,3/5/2012,0,N/A-StillEmployed,Active,Sales,John Smith,17,Website,Fully Meets,4.5,4,0,1/18/2019,0,11
Voldemort,Lord,4,3,3,113999,1,8,Database Administrator,MA,1960,8/7/1986,36,M,Married,US Citizen,No,Black or African American,2/16/2015,2/22/2017,"no-call, no-show",Terminated for Cause,IT/IS,Simon Roup,4,Employee Referral,Fully Meets,4.33,3,7,2/15/2017,0,9
Volk,Colleen,4,5,4,49773,1,19,Production Technician I,MA,2747,6/3/1986,36,F,Married,US Citizen,No,White,9/26/2011,2/8/2016,gross misconduct,Terminated for Cause,Production,Kelley Spirea,18,Google Search,Exceeds,4.3,5,0,2/1/2015,0,18
Von Massenbach,Anna,2,5,3,62068,0,19,Production Technician I,MA,2124,4/6/1985,38,F,Single,US Citizen,No,White,7/5/2015,0,N/A-StillEmployed,Active,Production,Michael Albert,22,LinkedIn,Fully Meets,3.21,3,0,1/29/2019,0,7
Walker,Roger,1,5,3,66541,0,20,Production Technician II,MA,2459,2/10/1976,47,M,Single,US Citizen,No,Black or African American,8/18/2014,0,N/A-StillEmployed,Active,Production,Ketsia Liebig,19,Employee Referral,Fully Meets,3.11,5,0,2/12/2019,0,4
Wallace,Courtney E,5,5,3,80512,1,18,Production Manager,MA,2478,11/14/1955,67,F,Married,US Citizen,No,Black or African American,9/26/2011,1/2/2012,Another position,Voluntarily Terminated,Production,Janet King,2,Diversity Job Fair,Fully Meets,4.5,3,0,1/2/2012,0,5
Wallace,Theresa,5,5,2,50274,1,19,Production Technician I,MA,1887,8/2/1980,42,F,Single,US Citizen,No,White,8/13/2012,9/1/2015,career change,Voluntarily Terminated,Production,Elijiah Gray,16,CareerBuilder,Needs Improvement,2.5,3,0,9/5/2014,6,13
Wang,Charlie,1,3,3,84903,0,22,Senior BI Developer,MA,1887,7/8/1981,41,M,Single,US Citizen,No,Asian,2/15/2017,0,N/A-StillEmployed,Active,IT/IS,Brian Champaigne,13,Indeed,Fully Meets,3.42,4,7,1/4/2019,0,17
Warfield,Sarah,1,3,3,107226,0,28,Sr. Network Engineer,MA,2453,5/2/1978,45,F,Widowed,US Citizen,No,Asian,3/30/2015,0,N/A-StillEmployed,Active,IT/IS,Peter Monroe,7,Employee Referral,Fully Meets,4.2,4,8,2/5/2019,0,7
Whittier,Scott,5,5,3,58371,1,19,Production Technician I,MA,2030,5/24/1987,35,M,Single,US Citizen,Yes,White,1/10/2011,5/15/2014,hours,Voluntarily Terminated,Production,Webster Butler,39,LinkedIn,Fully Meets,5,5,0,5/15/2014,0,11
Wilber,Barry,5,5,3,55140,1,19,Production Technician I,MA,2324,9/9/1965,57,M,Married,Eligible NonCitizen,No,White,5/16/2011,9/7/2015,unhappy,Voluntarily Terminated,Production,Amy Dunn,11,Website,Fully Meets,5,3,0,2/15/2015,0,7
Wilkes,Annie,5,5,3,58062,1,19,Production Technician I,MA,1876,7/30/1983,39,F,Divorced,US Citizen,No,White,1/10/2011,5/14/2012,Another position,Voluntarily Terminated,Production,Ketsia Liebig,19,Google Search,Fully Meets,3.6,5,0,2/6/2011,0,9
Williams,Jacquelyn,5,5,3,59728,1,19,Production Technician I,MA,2109,10/2/1969,53,F,Single,US Citizen,Yes,Black or African American,1/9/2012,6/27/2015,relocation out of area,Voluntarily Terminated,Production,Ketsia Liebig,19,Diversity Job Fair,Fully Meets,4.3,4,0,6/2/2014,0,16
Winthrop,Jordan,5,5,4,70507,1,20,Production Technician II,MA,2045,11/7/1958,64,M,Single,US Citizen,No,White,1/7/2013,2/21/2016,retiring,Voluntarily Terminated,Production,Brannon Miller,12,LinkedIn,Exceeds,5,3,0,1/19/2016,0,7
Wolk,Hang T,1,5,3,60446,0,20,Production Technician II,MA,2302,4/20/1985,38,F,Single,US Citizen,No,White,9/29/2014,0,N/A-StillEmployed,Active,Production,David Stanley,14,LinkedIn,Fully Meets,3.4,4,0,2/21/2019,0,14
Woodson,Jason,1,5,3,65893,0,20,Production Technician II,MA,1810,5/11/1985,38,M,Single,US Citizen,No,White,7/7/2014,0,N/A-StillEmployed,Active,Production,Kissy Sullivan,20,LinkedIn,Fully Meets,4.07,4,0,2/28/2019,0,13
Ybarra,Catherine,5,5,1,48513,1,19,Production Technician I,MA,2458,5/4/1982,41,F,Single,US Citizen,No,Asian,9/2/2008,9/29/2015,Another position,Voluntarily Terminated,Production,Brannon Miller,12,Google Search,PIP,3.2,2,0,9/2/2015,5,4
Zamora,Jennifer,1,3,4,220450,0,6,CIO,MA,2067,8/30/1979,43,F,Single,US Citizen,No,White,4/10/2010,0,N/A-StillEmployed,Active,IT/IS,Janet King,2,Employee Referral,Exceeds,4.6,5,6,2/21/2019,0,16
Zhou,Julia,1,3,3,89292,0,9,Data Analyst,MA,2148,2/24/1979,44,F,Single,US Citizen,No,White,3/30/2015,0,N/A-StillEmployed,Active,IT/IS,Simon Roup,4,Employee Referral,Fully Meets,5,3,5,2/1/2019,0,11
Zima,Colleen,1,5,3,45046,0,19,Production Technician I,MA,1730,8/17/1978,44,F,Widowed,US Citizen,No,Asian,9/29/2014,0,N/A-StillEmployed,Active,Production,David Stanley,14,LinkedIn,Fully Meets,4.5,5,0,1/30/2019,0,2
